classification,Avg Closed PnL,Avg Trade Size USD,Trade Count
Extreme Fear,1.8916322231298366,4118.761840068787,2326
Extreme Greed,205.81634505888633,3242.085086283579,5621
Fear,128.28795029591174,5744.782685125099,13869
Greed,53.988003244420824,5051.878829259653,11292
Neutral,27.08880333091437,4332.202906386067,2756
